event_name,event_type,magnitude,year,event_date
SuperBowl,Sporting,5,2011,2011-02-06
ValentinesDay,Cultural,2,2011,2011-02-14
PresidentsDay,National,2,2011,2011-02-21
LentStart,Religious,2,2011,2011-03-09
LentWeek2,Religious,2,2011,2011-03-16
StPatricksDay,Cultural,3,2011,2011-03-17
Purim End,Religious,1,2011,2011-03-20
Easter,Cultural,3,2011,2011-04-24
OrthodoxEaster,Religious,2,2011,2011-04-24
Pesach End,Religious,2,2011,2011-04-26
Cinco De Mayo,Cultural,2,2011,2011-05-05
Mother's day,Cultural,3,2011,2011-05-08
MemorialDay,National,4,2011,2011-05-30
NBAFinalsStart,Sporting,3,2011,2011-05-31
NBAFinalsEnd,Sporting,3,2011,2011-06-12
Father's day,Cultural,3,2011,2011-06-19
IndependenceDay,National,4,2011,2011-07-04
Ramadan starts,Religious,2,2011,2011-08-01
Eid al-Fitr,Religious,2,2011,2011-08-31
LaborDay,National,4,2011,2011-09-05
ColumbusDay,National,1,2011,2011-10-10
Halloween,Cultural,3,2011,2011-10-31
EidAlAdha,Religious,2,2011,2011-11-07
VeteransDay,National,1,2011,2011-11-11
Thanksgiving,National,5,2011,2011-11-24
Christmas,National,5,2011,2011-12-25
Chanukah End,Religious,1,2011,2011-12-28
NewYear,National,4,2012,2012-01-01
OrthodoxChristmas,Religious,1,2012,2012-01-07
MartinLutherKingDay,National,1,2012,2012-01-16
SuperBowl,Sporting,5,2012,2012-02-05
ValentinesDay,Cultural,2,2012,2012-02-14
PresidentsDay,National,2,2012,2012-02-20
LentStart,Religious,2,2012,2012-02-22
LentWeek2,Religious,2,2012,2012-02-29
Purim End,Religious,1,2012,2012-03-08
StPatricksDay,Cultural,3,2012,2012-03-17
Easter,Cultural,3,2012,2012-04-08
Pesach End,Religious,2,2012,2012-04-14
OrthodoxEaster,Religious,2,2012,2012-04-15
Cinco De Mayo,Cultural,2,2012,2012-05-05
Mother's day,Cultural,3,2012,2012-05-13
MemorialDay,National,4,2012,2012-05-28
NBAFinalsStart,Sporting,3,2012,2012-06-12
Father's day,Cultural,3,2012,2012-06-17
NBAFinalsEnd,Sporting,3,2012,2012-06-21
IndependenceDay,National,4,2012,2012-07-04
Ramadan starts,Religious,2,2012,2012-07-20
Eid al-Fitr,Religious,2,2012,2012-08-19
LaborDay,National,4,2012,2012-09-03
ColumbusDay,National,1,2012,2012-10-08
EidAlAdha,Religious,2,2012,2012-10-26
Halloween,Cultural,3,2012,2012-10-31
VeteransDay,National,1,2012,2012-11-11
Thanksgiving,National,5,2012,2012-11-22
Chanukah End,Religious,1,2012,2012-12-16
Christmas,National,5,2012,2012-12-25
NewYear,National,4,2013,2013-01-01
OrthodoxChristmas,Religious,1,2013,2013-01-07
MartinLutherKingDay,National,1,2013,2013-01-21
SuperBowl,Sporting,5,2013,2013-02-03
LentStart,Religious,2,2013,2013-02-13
ValentinesDay,Cultural,2,2013,2013-02-14
PresidentsDay,National,2,2013,2013-02-18
LentWeek2,Religious,2,2013,2013-02-20
Purim End,Religious,1,2013,2013-02-24
StPatricksDay,Cultural,3,2013,2013-03-17
Easter,Cultural,3,2013,2013-03-31
Pesach End,Religious,2,2013,2013-04-02
Cinco De Mayo,Cultural,2,2013,2013-05-05
OrthodoxEaster,Religious,2,2013,2013-05-05
Mother's day,Cultural,3,2013,2013-05-12
MemorialDay,National,4,2013,2013-05-27
NBAFinalsStart,Sporting,3,2013,2013-06-06
Father's day,Cultural,3,2013,2013-06-16
NBAFinalsEnd,Sporting,3,2013,2013-06-20
IndependenceDay,National,4,2013,2013-07-04
Ramadan starts,Religious,2,2013,2013-07-09
Eid al-Fitr,Religious,2,2013,2013-08-08
LaborDay,National,4,2013,2013-09-02
ColumbusDay,National,1,2013,2013-10-14
EidAlAdha,Religious,2,2013,2013-10-15
Halloween,Cultural,3,2013,2013-10-31
VeteransDay,National,1,2013,2013-11-11
Thanksgiving,National,5,2013,2013-11-28
Chanukah End,Religious,1,2013,2013-12-05
Christmas,National,5,2013,2013-12-25
NewYear,National,4,2014,2014-01-01
OrthodoxChristmas,Religious,1,2014,2014-01-07
MartinLutherKingDay,National,1,2014,2014-01-20
SuperBowl,Sporting,5,2014,2014-02-02
ValentinesDay,Cultural,2,2014,2014-02-14
PresidentsDay,National,2,2014,2014-02-17
LentStart,Religious,2,2014,2014-03-05
LentWeek2,Religious,2,2014,2014-03-12
Purim End,Religious,1,2014,2014-03-16
StPatricksDay,Cultural,3,2014,2014-03-17
Easter,Cultural,3,2014,2014-04-20
OrthodoxEaster,Religious,2,2014,2014-04-20
Pesach End,Religious,2,2014,2014-04-22
Cinco De Mayo,Cultural,2,2014,2014-05-05
Mother's day,Cultural,3,2014,2014-05-11
MemorialDay,National,4,2014,2014-05-26
NBAFinalsStart,Sporting,3,2014,2014-06-05
NBAFinalsEnd,Sporting,3,2014,2014-06-15
Father's day,Cultural,3,2014,2014-06-15
Ramadan starts,Religious,2,2014,2014-06-29
IndependenceDay,National,4,2014,2014-07-04
Eid al-Fitr,Religious,2,2014,2014-07-29
LaborDay,National,4,2014,2014-09-01
EidAlAdha,Religious,2,2014,2014-10-04
ColumbusDay,National,1,2014,2014-10-13
Halloween,Cultural,3,2014,2014-10-31
VeteransDay,National,1,2014,2014-11-11
Thanksgiving,National,5,2014,2014-11-27
Chanukah End,Religious,1,2014,2014-12-24
Christmas,National,5,2014,2014-12-25
NewYear,National,4,2015,2015-01-01
OrthodoxChristmas,Religious,1,2015,2015-01-07
MartinLutherKingDay,National,1,2015,2015-01-19
SuperBowl,Sporting,5,2015,2015-02-01
ValentinesDay,Cultural,2,2015,2015-02-14
PresidentsDay,National,2,2015,2015-02-16
LentStart,Religious,2,2015,2015-02-18
LentWeek2,Religious,2,2015,2015-02-25
Purim End,Religious,1,2015,2015-03-05
StPatricksDay,Cultural,3,2015,2015-03-17
Easter,Cultural,3,2015,2015-04-05
Pesach End,Religious,2,2015,2015-04-11
OrthodoxEaster,Religious,2,2015,2015-04-12
Cinco De Mayo,Cultural,2,2015,2015-05-05
Mother's day,Cultural,3,2015,2015-05-10
MemorialDay,National,4,2015,2015-05-25
NBAFinalsStart,Sporting,3,2015,2015-06-04
NBAFinalsEnd,Sporting,3,2015,2015-06-16
Ramadan starts,Religious,2,2015,2015-06-18
Father's day,Cultural,3,2015,2015-06-21
IndependenceDay,National,4,2015,2015-07-04
Eid al-Fitr,Religious,2,2015,2015-07-18
LaborDay,National,4,2015,2015-09-07
EidAlAdha,Religious,2,2015,2015-09-24
ColumbusDay,National,1,2015,2015-10-12
Halloween,Cultural,3,2015,2015-10-31
VeteransDay,National,1,2015,2015-11-11
Thanksgiving,National,5,2015,2015-11-26
Chanukah End,Religious,1,2015,2015-12-14
Christmas,National,5,2015,2015-12-25
NewYear,National,4,2016,2016-01-01
OrthodoxChristmas,Religious,1,2016,2016-01-07
MartinLutherKingDay,National,1,2016,2016-01-18
SuperBowl,Sporting,5,2016,2016-02-07
LentStart,Religious,2,2016,2016-02-10
ValentinesDay,Cultural,2,2016,2016-02-14
PresidentsDay,National,2,2016,2016-02-15
LentWeek2,Religious,2,2016,2016-02-17
StPatricksDay,Cultural,3,2016,2016-03-17
Purim End,Religious,1,2016,2016-03-24
Easter,Cultural,3,2016,2016-03-27
Pesach End,Religious,2,2016,2016-04-30
OrthodoxEaster,Religious,2,2016,2016-05-01
Cinco De Mayo,Cultural,2,2016,2016-05-05
Mother's day,Cultural,3,2016,2016-05-08
MemorialDay,National,4,2016,2016-05-30
NBAFinalsStart,Sporting,3,2016,2016-06-02
Ramadan starts,Religious,2,2016,2016-06-07
NBAFinalsEnd,Sporting,3,2016,2016-06-19
Father's day,Cultural,3,2016,2016-06-19
