state_id,year,month,issuance_day,issuance_date
CA,2011,2,1,2011-02-01
CA,2011,2,2,2011-02-02
CA,2011,2,3,2011-02-03
CA,2011,2,4,2011-02-04
CA,2011,2,5,2011-02-05
CA,2011,2,6,2011-02-06
CA,2011,2,7,2011-02-07
CA,2011,2,8,2011-02-08
CA,2011,2,9,2011-02-09
CA,2011,2,10,2011-02-10
CA,2011,3,1,2011-03-01
CA,2011,3,2,2011-03-02
CA,2011,3,3,2011-03-03
CA,2011,3,4,2011-03-04
CA,2011,3,5,2011-03-05
CA,2011,3,6,2011-03-06
CA,2011,3,7,2011-03-07
CA,2011,3,8,2011-03-08
CA,2011,3,9,2011-03-09
CA,2011,3,10,2011-03-10
CA,2011,4,1,2011-04-01
CA,2011,4,2,2011-04-02
CA,2011,4,3,2011-04-03
CA,2011,4,4,2011-04-04
CA,2011,4,5,2011-04-05
CA,2011,4,6,2011-04-06
CA,2011,4,7,2011-04-07
CA,2011,4,8,2011-04-08
CA,2011,4,9,2011-04-09
CA,2011,4,10,2011-04-10
CA,2011,5,1,2011-05-01
CA,2011,5,2,2011-05-02
CA,2011,5,3,2011-05-03
CA,2011,5,4,2011-05-04
CA,2011,5,5,2011-05-05
CA,2011,5,6,2011-05-06
CA,2011,5,7,2011-05-07
CA,2011,5,8,2011-05-08
CA,2011,5,9,2011-05-09
CA,2011,5,10,2011-05-10
CA,2011,6,1,2011-06-01
CA,2011,6,2,2011-06-02
CA,2011,6,3,2011-06-03
CA,2011,6,4,2011-06-04
CA,2011,6,5,2011-06-05
CA,2011,6,6,2011-06-06
CA,2011,6,7,2011-06-07
CA,2011,6,8,2011-06-08
CA,2011,6,9,2011-06-09
CA,2011,6,10,2011-06-10
CA,2011,7,1,2011-07-01
CA,2011,7,2,2011-07-02
CA,2011,7,3,2011-07-03
CA,2011,7,4,2011-07-04
CA,2011,7,5,2011-07-05
CA,2011,7,6,2011-07-06
CA,2011,7,7,2011-07-07
CA,2011,7,8,2011-07-08
CA,2011,7,9,2011-07-09
CA,2011,7,10,2011-07-10
CA,2011,8,1,2011-08-01
CA,2011,8,2,2011-08-02
CA,2011,8,3,2011-08-03
CA,2011,8,4,2011-08-04
CA,2011,8,5,2011-08-05
CA,2011,8,6,2011-08-06
CA,2011,8,7,2011-08-07
CA,2011,8,8,2011-08-08
CA,2011,8,9,2011-08-09
CA,2011,8,10,2011-08-10
CA,2011,9,1,2011-09-01
CA,2011,9,2,2011-09-02
CA,2011,9,3,2011-09-03
CA,2011,9,4,2011-09-04
CA,2011,9,5,2011-09-05
CA,2011,9,6,2011-09-06
CA,2011,9,7,2011-09-07
CA,2011,9,8,2011-09-08
CA,2011,9,9,2011-09-09
CA,2011,9,10,2011-09-10
CA,2011,10,1,2011-10-01
CA,2011,10,2,2011-10-02
CA,2011,10,3,2011-10-03
CA,2011,10,4,2011-10-04
CA,2011,10,5,2011-10-05
CA,2011,10,6,2011-10-06
CA,2011,10,7,2011-10-07
CA,2011,10,8,2011-10-08
CA,2011,10,9,2011-10-09
CA,2011,10,10,2011-10-10
CA,2011,11,1,2011-11-01
CA,2011,11,2,2011-11-02
CA,2011,11,3,2011-11-03
CA,2011,11,4,2011-11-04
CA,2011,11,5,2011-11-05
CA,2011,11,6,2011-11-06
CA,2011,11,7,2011-11-07
CA,2011,11,8,2011-11-08
CA,2011,11,9,2011-11-09
CA,2011,11,10,2011-11-10
CA,2011,12,1,2011-12-01
CA,2011,12,2,2011-12-02
CA,2011,12,3,2011-12-03
CA,2011,12,4,2011-12-04
CA,2011,12,5,2011-12-05
CA,2011,12,6,2011-12-06
CA,2011,12,7,2011-12-07
CA,2011,12,8,2011-12-08
CA,2011,12,9,2011-12-09
CA,2011,12,10,2011-12-10
CA,2012,1,1,2012-01-01
CA,2012,1,2,2012-01-02
CA,2012,1,3,2012-01-03
CA,2012,1,4,2012-01-04
CA,2012,1,5,2012-01-05
CA,2012,1,6,2012-01-06
CA,2012,1,7,2012-01-07
CA,2012,1,8,2012-01-08
CA,2012,1,9,2012-01-09
CA,2012,1,10,2012-01-10
CA,2012,2,1,2012-02-01
CA,2012,2,2,2012-02-02
CA,2012,2,3,2012-02-03
CA,2012,2,4,2012-02-04
CA,2012,2,5,2012-02-05
CA,2012,2,6,2012-02-06
CA,2012,2,7,2012-02-07
CA,2012,2,8,2012-02-08
CA,2012,2,9,2012-02-09
CA,2012,2,10,2012-02-10
CA,2012,3,1,2012-03-01
CA,2012,3,2,2012-03-02
CA,2012,3,3,2012-03-03
CA,2012,3,4,2012-03-04
CA,2012,3,5,2012-03-05
CA,2012,3,6,2012-03-06
CA,2012,3,7,2012-03-07
CA,2012,3,8,2012-03-08
CA,2012,3,9,2012-03-09
CA,2012,3,10,2012-03-10
CA,2012,4,1,2012-04-01
CA,2012,4,2,2012-04-02
CA,2012,4,3,2012-04-03
CA,2012,4,4,2012-04-04
CA,2012,4,5,2012-04-05
CA,2012,4,6,2012-04-06
CA,2012,4,7,2012-04-07
CA,2012,4,8,2012-04-08
CA,2012,4,9,2012-04-09
CA,2012,4,10,2012-04-10
CA,2012,5,1,2012-05-01
CA,2012,5,2,2012-05-02
CA,2012,5,3,2012-05-03
CA,2012,5,4,2012-05-04
CA,2012,5,5,2012-05-05
CA,2012,5,6,2012-05-06
CA,2012,5,7,2012-05-07
CA,2012,5,8,2012-05-08
CA,2012,5,9,2012-05-09
CA,2012,5,10,2012-05-10
CA,2012,6,1,2012-06-01
CA,2012,6,2,2012-06-02
CA,2012,6,3,2012-06-03
CA,2012,6,4,2012-06-04
CA,2012,6,5,2012-06-05
CA,2012,6,6,2012-06-06
CA,2012,6,7,2012-06-07
CA,2012,6,8,2012-06-08
CA,2012,6,9,2012-06-09
CA,2012,6,10,2012-06-10
CA,2012,7,1,2012-07-01
CA,2012,7,2,2012-07-02
CA,2012,7,3,2012-07-03
CA,2012,7,4,2012-07-04
CA,2012,7,5,2012-07-05
CA,2012,7,6,2012-07-06
CA,2012,7,7,2012-07-07
CA,2012,7,8,2012-07-08
CA,2012,7,9,2012-07-09
CA,2012,7,10,2012-07-10
CA,2012,8,1,2012-08-01
CA,2012,8,2,2012-08-02
CA,2012,8,3,2012-08-03
CA,2012,8,4,2012-08-04
CA,2012,8,5,2012-08-05
CA,2012,8,6,2012-08-06
CA,2012,8,7,2012-08-07
CA,2012,8,8,2012-08-08
CA,2012,8,9,2012-08-09
CA,2012,8,10,2012-08-10
CA,2012,9,1,2012-09-01
CA,2012,9,2,2012-09-02
CA,2012,9,3,2012-09-03
CA,2012,9,4,2012-09-04
CA,2012,9,5,2012-09-05
CA,2012,9,6,2012-09-06
CA,2012,9,7,2012-09-07
CA,2012,9,8,2012-09-08
CA,2012,9,9,2012-09-09
CA,2012,9,10,2012-09-10
CA,2012,10,1,2012-10-01
CA,2012,10,2,2012-10-02
CA,2012,10,3,2012-10-03
CA,2012,10,4,2012-10-04
CA,2012,10,5,2012-10-05
CA,2012,10,6,2012-10-06
CA,2012,10,7,2012-10-07
CA,2012,10,8,2012-10-08
CA,2012,10,9,2012-10-09
CA,2012,10,10,2012-10-10
CA,2012,11,1,2012-11-01
CA,2012,11,2,2012-11-02
CA,2012,11,3,2012-11-03
CA,2012,11,4,2012-11-04
CA,2012,11,5,2012-11-05
CA,2012,11,6,2012-11-06
CA,2012,11,7,2012-11-07
CA,2012,11,8,2012-11-08
CA,2012,11,9,2012-11-09
CA,2012,11,10,2012-11-10
CA,2012,12,1,2012-12-01
CA,2012,12,2,2012-12-02
CA,2012,12,3,2012-12-03
CA,2012,12,4,2012-12-04
CA,2012,12,5,2012-12-05
CA,2012,12,6,2012-12-06
CA,2012,12,7,2012-12-07
CA,2012,12,8,2012-12-08
CA,2012,12,9,2012-12-09
CA,2012,12,10,2012-12-10
CA,2013,1,1,2013-01-01
CA,2013,1,2,2013-01-02
CA,2013,1,3,2013-01-03
CA,2013,1,4,2013-01-04
CA,2013,1,5,2013-01-05
CA,2013,1,6,2013-01-06
CA,2013,1,7,2013-01-07
CA,2013,1,8,2013-01-08
CA,2013,1,9,2013-01-09
CA,2013,1,10,2013-01-10
CA,2013,2,1,2013-02-01
CA,2013,2,2,2013-02-02
CA,2013,2,3,2013-02-03
CA,2013,2,4,2013-02-04
CA,2013,2,5,2013-02-05
CA,2013,2,6,2013-02-06
CA,2013,2,7,2013-02-07
CA,2013,2,8,2013-02-08
CA,2013,2,9,2013-02-09
CA,2013,2,10,2013-02-10
CA,2013,3,1,2013-03-01
CA,2013,3,2,2013-03-02
CA,2013,3,3,2013-03-03
CA,2013,3,4,2013-03-04
CA,2013,3,5,2013-03-05
CA,2013,3,6,2013-03-06
CA,2013,3,7,2013-03-07
CA,2013,3,8,2013-03-08
CA,2013,3,9,2013-03-09
CA,2013,3,10,2013-03-10
CA,2013,4,1,2013-04-01
CA,2013,4,2,2013-04-02
CA,2013,4,3,2013-04-03
CA,2013,4,4,2013-04-04
CA,2013,4,5,2013-04-05
CA,2013,4,6,2013-04-06
CA,2013,4,7,2013-04-07
CA,2013,4,8,2013-04-08
CA,2013,4,9,2013-04-09
CA,2013,4,10,2013-04-10
CA,2013,5,1,2013-05-01
CA,2013,5,2,2013-05-02
CA,2013,5,3,2013-05-03
CA,2013,5,4,2013-05-04
CA,2013,5,5,2013-05-05
CA,2013,5,6,2013-05-06
CA,2013,5,7,2013-05-07
CA,2013,5,8,2013-05-08
CA,2013,5,9,2013-05-09
CA,2013,5,10,2013-05-10
CA,2013,6,1,2013-06-01
CA,2013,6,2,2013-06-02
CA,2013,6,3,2013-06-03
CA,2013,6,4,2013-06-04
CA,2013,6,5,2013-06-05
CA,2013,6,6,2013-06-06
CA,2013,6,7,2013-06-07
CA,2013,6,8,2013-06-08
CA,2013,6,9,2013-06-09
CA,2013,6,10,2013-06-10
CA,2013,7,1,2013-07-01
CA,2013,7,2,2013-07-02
CA,2013,7,3,2013-07-03
CA,2013,7,4,2013-07-04
CA,2013,7,5,2013-07-05
CA,2013,7,6,2013-07-06
CA,2013,7,7,2013-07-07
CA,2013,7,8,2013-07-08
CA,2013,7,9,2013-07-09
CA,2013,7,10,2013-07-10
CA,2013,8,1,2013-08-01
CA,2013,8,2,2013-08-02
CA,2013,8,3,2013-08-03
CA,2013,8,4,2013-08-04
CA,2013,8,5,2013-08-05
CA,2013,8,6,2013-08-06
CA,2013,8,7,2013-08-07
CA,2013,8,8,2013-08-08
CA,2013,8,9,2013-08-09
CA,2013,8,10,2013-08-10
CA,2013,9,1,2013-09-01
CA,2013,9,2,2013-09-02
CA,2013,9,3,2013-09-03
CA,2013,9,4,2013-09-04
CA,2013,9,5,2013-09-05
CA,2013,9,6,2013-09-06
CA,2013,9,7,2013-09-07
CA,2013,9,8,2013-09-08
CA,2013,9,9,2013-09-09
CA,2013,9,10,2013-09-10
CA,2013,10,1,2013-10-01
CA,2013,10,2,2013-10-02
CA,2013,10,3,2013-10-03
CA,2013,10,4,2013-10-04
CA,2013,10,5,2013-10-05
CA,2013,10,6,2013-10-06
CA,2013,10,7,2013-10-07
CA,2013,10,8,2013-10-08
CA,2013,10,9,2013-10-09
CA,2013,10,10,2013-10-10
CA,2013,11,1,2013-11-01
CA,2013,11,2,2013-11-02
CA,2013,11,3,2013-11-03
CA,2013,11,4,2013-11-04
CA,2013,11,5,2013-11-05
CA,2013,11,6,2013-11-06
CA,2013,11,7,2013-11-07
CA,2013,11,8,2013-11-08
CA,2013,11,9,2013-11-09
CA,2013,11,10,2013-11-10
CA,2013,12,1,2013-12-01
CA,2013,12,2,2013-12-02
CA,2013,12,3,2013-12-03
CA,2013,12,4,2013-12-04
CA,2013,12,5,2013-12-05
CA,2013,12,6,2013-12-06
CA,2013,12,7,2013-12-07
CA,2013,12,8,2013-12-08
CA,2013,12,9,2013-12-09
CA,2013,12,10,2013-12-10
CA,2014,1,1,2014-01-01
CA,2014,1,2,2014-01-02
CA,2014,1,3,2014-01-03
CA,2014,1,4,2014-01-04
CA,2014,1,5,2014-01-05
CA,2014,1,6,2014-01-06
CA,2014,1,7,2014-01-07
CA,2014,1,8,2014-01-08
CA,2014,1,9,2014-01-09
CA,2014,1,10,2014-01-10
CA,2014,2,1,2014-02-01
CA,2014,2,2,2014-02-02
CA,2014,2,3,2014-02-03
CA,2014,2,4,2014-02-04
CA,2014,2,5,2014-02-05
CA,2014,2,6,2014-02-06
CA,2014,2,7,2014-02-07
CA,2014,2,8,2014-02-08
CA,2014,2,9,2014-02-09
CA,2014,2,10,2014-02-10
CA,2014,3,1,2014-03-01
CA,2014,3,2,2014-03-02
CA,2014,3,3,2014-03-03
CA,2014,3,4,2014-03-04
CA,2014,3,5,2014-03-05
CA,2014,3,6,2014-03-06
CA,2014,3,7,2014-03-07
CA,2014,3,8,2014-03-08
CA,2014,3,9,2014-03-09
CA,2014,3,10,2014-03-10
CA,2014,4,1,2014-04-01
CA,2014,4,2,2014-04-02
CA,2014,4,3,2014-04-03
CA,2014,4,4,2014-04-04
CA,2014,4,5,2014-04-05
CA,2014,4,6,2014-04-06
CA,2014,4,7,2014-04-07
CA,2014,4,8,2014-04-08
CA,2014,4,9,2014-04-09
CA,2014,4,10,2014-04-10
CA,2014,5,1,2014-05-01
CA,2014,5,2,2014-05-02
CA,2014,5,3,2014-05-03
CA,2014,5,4,2014-05-04
CA,2014,5,5,2014-05-05
CA,2014,5,6,2014-05-06
CA,2014,5,7,2014-05-07
CA,2014,5,8,2014-05-08
CA,2014,5,9,2014-05-09
CA,2014,5,10,2014-05-10
CA,2014,6,1,2014-06-01
CA,2014,6,2,2014-06-02
CA,2014,6,3,2014-06-03
CA,2014,6,4,2014-06-04
CA,2014,6,5,2014-06-05
CA,2014,6,6,2014-06-06
CA,2014,6,7,2014-06-07
CA,2014,6,8,2014-06-08
CA,2014,6,9,2014-06-09
CA,2014,6,10,2014-06-10
CA,2014,7,1,2014-07-01
CA,2014,7,2,2014-07-02
CA,2014,7,3,2014-07-03
CA,2014,7,4,2014-07-04
CA,2014,7,5,2014-07-05
CA,2014,7,6,2014-07-06
CA,2014,7,7,2014-07-07
CA,2014,7,8,2014-07-08
CA,2014,7,9,2014-07-09
CA,2014,7,10,2014-07-10
CA,2014,8,1,2014-08-01
CA,2014,8,2,2014-08-02
CA,2014,8,3,2014-08-03
CA,2014,8,4,2014-08-04
CA,2014,8,5,2014-08-05
CA,2014,8,6,2014-08-06
CA,2014,8,7,2014-08-07
CA,2014,8,8,2014-08-08
CA,2014,8,9,2014-08-09
CA,2014,8,10,2014-08-10
CA,2014,9,1,2014-09-01
CA,2014,9,2,2014-09-02
CA,2014,9,3,2014-09-03
CA,2014,9,4,2014-09-04
CA,2014,9,5,2014-09-05
CA,2014,9,6,2014-09-06
CA,2014,9,7,2014-09-07
CA,2014,9,8,2014-09-08
CA,2014,9,9,2014-09-09
CA,2014,9,10,2014-09-10
CA,2014,10,1,2014-10-01
CA,2014,10,2,2014-10-02
CA,2014,10,3,2014-10-03
CA,2014,10,4,2014-10-04
CA,2014,10,5,2014-10-05
CA,2014,10,6,2014-10-06
CA,2014,10,7,2014-10-07
CA,2014,10,8,2014-10-08
CA,2014,10,9,2014-10-09
CA,2014,10,10,2014-10-10
CA,2014,11,1,2014-11-01
CA,2014,11,2,2014-11-02
CA,2014,11,3,2014-11-03
CA,2014,11,4,2014-11-04
CA,2014,11,5,2014-11-05
CA,2014,11,6,2014-11-06
CA,2014,11,7,2014-11-07
CA,2014,11,8,2014-11-08
CA,2014,11,9,2014-11-09
CA,2014,11,10,2014-11-10
CA,2014,12,1,2014-12-01
CA,2014,12,2,2014-12-02
CA,2014,12,3,2014-12-03
CA,2014,12,4,2014-12-04
CA,2014,12,5,2014-12-05
CA,2014,12,6,2014-12-06
CA,2014,12,7,2014-12-07
CA,2014,12,8,2014-12-08
CA,2014,12,9,2014-12-09
CA,2014,12,10,2014-12-10
CA,2015,1,1,2015-01-01
CA,2015,1,2,2015-01-02
CA,2015,1,3,2015-01-03
CA,2015,1,4,2015-01-04
CA,2015,1,5,2015-01-05
CA,2015,1,6,2015-01-06
CA,2015,1,7,2015-01-07
CA,2015,1,8,2015-01-08
CA,2015,1,9,2015-01-09
CA,2015,1,10,2015-01-10
CA,2015,2,1,2015-02-01
CA,2015,2,2,2015-02-02
CA,2015,2,3,2015-02-03
CA,2015,2,4,2015-02-04
CA,2015,2,5,2015-02-05
CA,2015,2,6,2015-02-06
CA,2015,2,7,2015-02-07
CA,2015,2,8,2015-02-08
CA,2015,2,9,2015-02-09
CA,2015,2,10,2015-02-10
CA,2015,3,1,2015-03-01
CA,2015,3,2,2015-03-02
CA,2015,3,3,2015-03-03
CA,2015,3,4,2015-03-04
CA,2015,3,5,2015-03-05
CA,2015,3,6,2015-03-06
CA,2015,3,7,2015-03-07
CA,2015,3,8,2015-03-08
CA,2015,3,9,2015-03-09
CA,2015,3,10,2015-03-10
CA,2015,4,1,2015-04-01
CA,2015,4,2,2015-04-02
CA,2015,4,3,2015-04-03
CA,2015,4,4,2015-04-04
CA,2015,4,5,2015-04-05
CA,2015,4,6,2015-04-06
CA,2015,4,7,2015-04-07
CA,2015,4,8,2015-04-08
CA,2015,4,9,2015-04-09
CA,2015,4,10,2015-04-10
CA,2015,5,1,2015-05-01
CA,2015,5,2,2015-05-02
CA,2015,5,3,2015-05-03
CA,2015,5,4,2015-05-04
CA,2015,5,5,2015-05-05
CA,2015,5,6,2015-05-06
CA,2015,5,7,2015-05-07
CA,2015,5,8,2015-05-08
CA,2015,5,9,2015-05-09
CA,2015,5,10,2015-05-10
CA,2015,6,1,2015-06-01
CA,2015,6,2,2015-06-02
CA,2015,6,3,2015-06-03
CA,2015,6,4,2015-06-04
CA,2015,6,5,2015-06-05
CA,2015,6,6,2015-06-06
CA,2015,6,7,2015-06-07
CA,2015,6,8,2015-06-08
CA,2015,6,9,2015-06-09
CA,2015,6,10,2015-06-10
CA,2015,7,1,2015-07-01
CA,2015,7,2,2015-07-02
CA,2015,7,3,2015-07-03
CA,2015,7,4,2015-07-04
CA,2015,7,5,2015-07-05
CA,2015,7,6,2015-07-06
CA,2015,7,7,2015-07-07
CA,2015,7,8,2015-07-08
CA,2015,7,9,2015-07-09
CA,2015,7,10,2015-07-10
CA,2015,8,1,2015-08-01
CA,2015,8,2,2015-08-02
CA,2015,8,3,2015-08-03
CA,2015,8,4,2015-08-04
CA,2015,8,5,2015-08-05
CA,2015,8,6,2015-08-06
CA,2015,8,7,2015-08-07
CA,2015,8,8,2015-08-08
CA,2015,8,9,2015-08-09
CA,2015,8,10,2015-08-10
CA,2015,9,1,2015-09-01
CA,2015,9,2,2015-09-02
CA,2015,9,3,2015-09-03
CA,2015,9,4,2015-09-04
CA,2015,9,5,2015-09-05
CA,2015,9,6,2015-09-06
CA,2015,9,7,2015-09-07
CA,2015,9,8,2015-09-08
CA,2015,9,9,2015-09-09
CA,2015,9,10,2015-09-10
CA,2015,10,1,2015-10-01
CA,2015,10,2,2015-10-02
CA,2015,10,3,2015-10-03
CA,2015,10,4,2015-10-04
CA,2015,10,5,2015-10-05
CA,2015,10,6,2015-10-06
CA,2015,10,7,2015-10-07
CA,2015,10,8,2015-10-08
CA,2015,10,9,2015-10-09
CA,2015,10,10,2015-10-10
CA,2015,11,1,2015-11-01
CA,2015,11,2,2015-11-02
CA,2015,11,3,2015-11-03
CA,2015,11,4,2015-11-04
CA,2015,11,5,2015-11-05
CA,2015,11,6,2015-11-06
CA,2015,11,7,2015-11-07
CA,2015,11,8,2015-11-08
CA,2015,11,9,2015-11-09
CA,2015,11,10,2015-11-10
CA,2015,12,1,2015-12-01
CA,2015,12,2,2015-12-02
CA,2015,12,3,2015-12-03
CA,2015,12,4,2015-12-04
CA,2015,12,5,2015-12-05
CA,2015,12,6,2015-12-06
CA,2015,12,7,2015-12-07
CA,2015,12,8,2015-12-08
CA,2015,12,9,2015-12-09
CA,2015,12,10,2015-12-10
CA,2016,1,1,2016-01-01
CA,2016,1,2,2016-01-02
CA,2016,1,3,2016-01-03
CA,2016,1,4,2016-01-04
CA,2016,1,5,2016-01-05
CA,2016,1,6,2016-01-06
CA,2016,1,7,2016-01-07
CA,2016,1,8,2016-01-08
CA,2016,1,9,2016-01-09
CA,2016,1,10,2016-01-10
CA,2016,2,1,2016-02-01
CA,2016,2,2,2016-02-02
CA,2016,2,3,2016-02-03
CA,2016,2,4,2016-02-04
CA,2016,2,5,2016-02-05
CA,2016,2,6,2016-02-06
CA,2016,2,7,2016-02-07
CA,2016,2,8,2016-02-08
CA,2016,2,9,2016-02-09
CA,2016,2,10,2016-02-10
CA,2016,3,1,2016-03-01
CA,2016,3,2,2016-03-02
CA,2016,3,3,2016-03-03
CA,2016,3,4,2016-03-04
CA,2016,3,5,2016-03-05
CA,2016,3,6,2016-03-06
CA,2016,3,7,2016-03-07
CA,2016,3,8,2016-03-08
CA,2016,3,9,2016-03-09
CA,2016,3,10,2016-03-10
CA,2016,4,1,2016-04-01
CA,2016,4,2,2016-04-02
CA,2016,4,3,2016-04-03
CA,2016,4,4,2016-04-04
CA,2016,4,5,2016-04-05
CA,2016,4,6,2016-04-06
CA,2016,4,7,2016-04-07
CA,2016,4,8,2016-04-08
CA,2016,4,9,2016-04-09
CA,2016,4,10,2016-04-10
CA,2016,5,1,2016-05-01
CA,2016,5,2,2016-05-02
CA,2016,5,3,2016-05-03
CA,2016,5,4,2016-05-04
CA,2016,5,5,2016-05-05
CA,2016,5,6,2016-05-06
CA,2016,5,7,2016-05-07
CA,2016,5,8,2016-05-08
CA,2016,5,9,2016-05-09
CA,2016,5,10,2016-05-10
CA,2016,6,1,2016-06-01
CA,2016,6,2,2016-06-02
CA,2016,6,3,2016-06-03
CA,2016,6,4,2016-06-04
CA,2016,6,5,2016-06-05
CA,2016,6,6,2016-06-06
CA,2016,6,7,2016-06-07
CA,2016,6,8,2016-06-08
CA,2016,6,9,2016-06-09
CA,2016,6,10,2016-06-10
TX,2011,2,1,2011-02-01
TX,2011,2,3,2011-02-03
TX,2011,2,5,2011-02-05
TX,2011,2,6,2011-02-06
TX,2011,2,7,2011-02-07
TX,2011,2,9,2011-02-09
TX,2011,2,11,2011-02-11
TX,2011,2,12,2011-02-12
TX,2011,2,13,2011-02-13
TX,2011,2,15,2011-02-15
TX,2011,3,1,2011-03-01
TX,2011,3,3,2011-03-03
TX,2011,3,5,2011-03-05
TX,2011,3,6,2011-03-06
TX,2011,3,7,2011-03-07
TX,2011,3,9,2011-03-09
TX,2011,3,11,2011-03-11
TX,2011,3,12,2011-03-12
TX,2011,3,13,2011-03-13
TX,2011,3,15,2011-03-15
TX,2011,4,1,2011-04-01
TX,2011,4,3,2011-04-03
TX,2011,4,5,2011-04-05
TX,2011,4,6,2011-04-06
TX,2011,4,7,2011-04-07
TX,2011,4,9,2011-04-09
TX,2011,4,11,2011-04-11
TX,2011,4,12,2011-04-12
TX,2011,4,13,2011-04-13
TX,2011,4,15,2011-04-15
TX,2011,5,1,2011-05-01
TX,2011,5,3,2011-05-03
TX,2011,5,5,2011-05-05
TX,2011,5,6,2011-05-06
TX,2011,5,7,2011-05-07
TX,2011,5,9,2011-05-09
TX,2011,5,11,2011-05-11
TX,2011,5,12,2011-05-12
TX,2011,5,13,2011-05-13
TX,2011,5,15,2011-05-15
TX,2011,6,1,2011-06-01
TX,2011,6,3,2011-06-03
TX,2011,6,5,2011-06-05
TX,2011,6,6,2011-06-06
TX,2011,6,7,2011-06-07
TX,2011,6,9,2011-06-09
TX,2011,6,11,2011-06-11
TX,2011,6,12,2011-06-12
TX,2011,6,13,2011-06-13
TX,2011,6,15,2011-06-15
TX,2011,7,1,2011-07-01
TX,2011,7,3,2011-07-03
TX,2011,7,5,2011-07-05
TX,2011,7,6,2011-07-06
TX,2011,7,7,2011-07-07
TX,2011,7,9,2011-07-09
TX,2011,7,11,2011-07-11
TX,2011,7,12,2011-07-12
TX,2011,7,13,2011-07-13
TX,2011,7,15,2011-07-15
TX,2011,8,1,2011-08-01
TX,2011,8,3,2011-08-03
TX,2011,8,5,2011-08-05
TX,2011,8,6,2011-08-06
TX,2011,8,7,2011-08-07
TX,2011,8,9,2011-08-09
TX,2011,8,11,2011-08-11
TX,2011,8,12,2011-08-12
TX,2011,8,13,2011-08-13
TX,2011,8,15,2011-08-15
TX,2011,9,1,2011-09-01
TX,2011,9,3,2011-09-03
TX,2011,9,5,2011-09-05
TX,2011,9,6,2011-09-06
TX,2011,9,7,2011-09-07
TX,2011,9,9,2011-09-09
TX,2011,9,11,2011-09-11
TX,2011,9,12,2011-09-12
TX,2011,9,13,2011-09-13
TX,2011,9,15,2011-09-15
TX,2011,10,1,2011-10-01
TX,2011,10,3,2011-10-03
TX,2011,10,5,2011-10-05
TX,2011,10,6,2011-10-06
TX,2011,10,7,2011-10-07
TX,2011,10,9,2011-10-09
TX,2011,10,11,2011-10-11
TX,2011,10,12,2011-10-12
TX,2011,10,13,2011-10-13
TX,2011,10,15,2011-10-15
TX,2011,11,1,2011-11-01
TX,2011,11,3,2011-11-03
TX,2011,11,5,2011-11-05
TX,2011,11,6,2011-11-06
TX,2011,11,7,2011-11-07
TX,2011,11,9,2011-11-09
TX,2011,11,11,2011-11-11
TX,2011,11,12,2011-11-12
TX,2011,11,13,2011-11-13
TX,2011,11,15,2011-11-15
TX,2011,12,1,2011-12-01
TX,2011,12,3,2011-12-03
TX,2011,12,5,2011-12-05
TX,2011,12,6,2011-12-06
TX,2011,12,7,2011-12-07
TX,2011,12,9,2011-12-09
TX,2011,12,11,2011-12-11
TX,2011,12,12,2011-12-12
TX,2011,12,13,2011-12-13
TX,2011,12,15,2011-12-15
TX,2012,1,1,2012-01-01
TX,2012,1,3,2012-01-03
TX,2012,1,5,2012-01-05
TX,2012,1,6,2012-01-06
TX,2012,1,7,2012-01-07
TX,2012,1,9,2012-01-09
TX,2012,1,11,2012-01-11
TX,2012,1,12,2012-01-12
TX,2012,1,13,2012-01-13
TX,2012,1,15,2012-01-15
TX,2012,2,1,2012-02-01
TX,2012,2,3,2012-02-03
TX,2012,2,5,2012-02-05
TX,2012,2,6,2012-02-06
TX,2012,2,7,2012-02-07
TX,2012,2,9,2012-02-09
TX,2012,2,11,2012-02-11
TX,2012,2,12,2012-02-12
TX,2012,2,13,2012-02-13
TX,2012,2,15,2012-02-15
TX,2012,3,1,2012-03-01
TX,2012,3,3,2012-03-03
TX,2012,3,5,2012-03-05
TX,2012,3,6,2012-03-06
TX,2012,3,7,2012-03-07
TX,2012,3,9,2012-03-09
TX,2012,3,11,2012-03-11
TX,2012,3,12,2012-03-12
TX,2012,3,13,2012-03-13
TX,2012,3,15,2012-03-15
TX,2012,4,1,2012-04-01
TX,2012,4,3,2012-04-03
TX,2012,4,5,2012-04-05
TX,2012,4,6,2012-04-06
TX,2012,4,7,2012-04-07
TX,2012,4,9,2012-04-09
TX,2012,4,11,2012-04-11
TX,2012,4,12,2012-04-12
TX,2012,4,13,2012-04-13
TX,2012,4,15,2012-04-15
TX,2012,5,1,2012-05-01
TX,2012,5,3,2012-05-03
TX,2012,5,5,2012-05-05
TX,2012,5,6,2012-05-06
TX,2012,5,7,2012-05-07
TX,2012,5,9,2012-05-09
TX,2012,5,11,2012-05-11
TX,2012,5,12,2012-05-12
TX,2012,5,13,2012-05-13
TX,2012,5,15,2012-05-15
TX,2012,6,1,2012-06-01
TX,2012,6,3,2012-06-03
TX,2012,6,5,2012-06-05
TX,2012,6,6,2012-06-06
TX,2012,6,7,2012-06-07
TX,2012,6,9,2012-06-09
TX,2012,6,11,2012-06-11
TX,2012,6,12,2012-06-12
TX,2012,6,13,2012-06-13
TX,2012,6,15,2012-06-15
TX,2012,7,1,2012-07-01
TX,2012,7,3,2012-07-03
TX,2012,7,5,2012-07-05
TX,2012,7,6,2012-07-06
TX,2012,7,7,2012-07-07
TX,2012,7,9,2012-07-09
TX,2012,7,11,2012-07-11
TX,2012,7,12,2012-07-12
TX,2012,7,13,2012-07-13
TX,2012,7,15,2012-07-15
TX,2012,8,1,2012-08-01
TX,2012,8,3,2012-08-03
TX,2012,8,5,2012-08-05
TX,2012,8,6,2012-08-06
TX,2012,8,7,2012-08-07
TX,2012,8,9,2012-08-09
TX,2012,8,11,2012-08-11
TX,2012,8,12,2012-08-12
TX,2012,8,13,2012-08-13
TX,2012,8,15,2012-08-15
TX,2012,9,1,2012-09-01
TX,2012,9,3,2012-09-03
TX,2012,9,5,2012-09-05
TX,2012,9,6,2012-09-06
TX,2012,9,7,2012-09-07
TX,2012,9,9,2012-09-09
TX,2012,9,11,2012-09-11
TX,2012,9,12,2012-09-12
TX,2012,9,13,2012-09-13
TX,2012,9,15,2012-09-15
TX,2012,10,1,2012-10-01
TX,2012,10,3,2012-10-03
TX,2012,10,5,2012-10-05
TX,2012,10,6,2012-10-06
TX,2012,10,7,2012-10-07
TX,2012,10,9,2012-10-09
TX,2012,10,11,2012-10-11
TX,2012,10,12,2012-10-12
TX,2012,10,13,2012-10-13
TX,2012,10,15,2012-10-15
TX,2012,11,1,2012-11-01
TX,2012,11,3,2012-11-03
TX,2012,11,5,2012-11-05
TX,2012,11,6,2012-11-06
TX,2012,11,7,2012-11-07
TX,2012,11,9,2012-11-09
TX,2012,11,11,2012-11-11
TX,2012,11,12,2012-11-12
TX,2012,11,13,2012-11-13
TX,2012,11,15,2012-11-15
TX,2012,12,1,2012-12-01
TX,2012,12,3,2012-12-03
TX,2012,12,5,2012-12-05
TX,2012,12,6,2012-12-06
TX,2012,12,7,2012-12-07
TX,2012,12,9,2012-12-09
TX,2012,12,11,2012-12-11
TX,2012,12,12,2012-12-12
TX,2012,12,13,2012-12-13
TX,2012,12,15,2012-12-15
TX,2013,1,1,2013-01-01
TX,2013,1,3,2013-01-03
TX,2013,1,5,2013-01-05
TX,2013,1,6,2013-01-06
TX,2013,1,7,2013-01-07
TX,2013,1,9,2013-01-09
TX,2013,1,11,2013-01-11
TX,2013,1,12,2013-01-12
TX,2013,1,13,2013-01-13
TX,2013,1,15,2013-01-15
TX,2013,2,1,2013-02-01
TX,2013,2,3,2013-02-03
TX,2013,2,5,2013-02-05
TX,2013,2,6,2013-02-06
TX,2013,2,7,2013-02-07
TX,2013,2,9,2013-02-09
TX,2013,2,11,2013-02-11
TX,2013,2,12,2013-02-12
TX,2013,2,13,2013-02-13
TX,2013,2,15,2013-02-15
TX,2013,3,1,2013-03-01
TX,2013,3,3,2013-03-03
TX,2013,3,5,2013-03-05
TX,2013,3,6,2013-03-06
TX,2013,3,7,2013-03-07
TX,2013,3,9,2013-03-09
TX,2013,3,11,2013-03-11
TX,2013,3,12,2013-03-12
TX,2013,3,13,2013-03-13
TX,2013,3,15,2013-03-15
TX,2013,4,1,2013-04-01
TX,2013,4,3,2013-04-03
TX,2013,4,5,2013-04-05
TX,2013,4,6,2013-04-06
TX,2013,4,7,2013-04-07
TX,2013,4,9,2013-04-09
TX,2013,4,11,2013-04-11
TX,2013,4,12,2013-04-12
TX,2013,4,13,2013-04-13
TX,2013,4,15,2013-04-15
TX,2013,5,1,2013-05-01
TX,2013,5,3,2013-05-03
TX,2013,5,5,2013-05-05
TX,2013,5,6,2013-05-06
TX,2013,5,7,2013-05-07
TX,2013,5,9,2013-05-09
TX,2013,5,11,2013-05-11
TX,2013,5,12,2013-05-12
TX,2013,5,13,2013-05-13
TX,2013,5,15,2013-05-15
TX,2013,6,1,2013-06-01
TX,2013,6,3,2013-06-03
TX,2013,6,5,2013-06-05
TX,2013,6,6,2013-06-06
TX,2013,6,7,2013-06-07
TX,2013,6,9,2013-06-09
TX,2013,6,11,2013-06-11
TX,2013,6,12,2013-06-12
TX,2013,6,13,2013-06-13
TX,2013,6,15,2013-06-15
TX,2013,7,1,2013-07-01
TX,2013,7,3,2013-07-03
TX,2013,7,5,2013-07-05
TX,2013,7,6,2013-07-06
TX,2013,7,7,2013-07-07
TX,2013,7,9,2013-07-09
TX,2013,7,11,2013-07-11
TX,2013,7,12,2013-07-12
TX,2013,7,13,2013-07-13
TX,2013,7,15,2013-07-15
TX,2013,8,1,2013-08-01
TX,2013,8,3,2013-08-03
TX,2013,8,5,2013-08-05
TX,2013,8,6,2013-08-06
TX,2013,8,7,2013-08-07
TX,2013,8,9,2013-08-09
TX,2013,8,11,2013-08-11
TX,2013,8,12,2013-08-12
TX,2013,8,13,2013-08-13
TX,2013,8,15,2013-08-15
TX,2013,9,1,2013-09-01
TX,2013,9,3,2013-09-03
TX,2013,9,5,2013-09-05
TX,2013,9,6,2013-09-06
TX,2013,9,7,2013-09-07
TX,2013,9,9,2013-09-09
TX,2013,9,11,2013-09-11
TX,2013,9,12,2013-09-12
TX,2013,9,13,2013-09-13
TX,2013,9,15,2013-09-15
TX,2013,10,1,2013-10-01
TX,2013,10,3,2013-10-03
TX,2013,10,5,2013-10-05
TX,2013,10,6,2013-10-06
TX,2013,10,7,2013-10-07
TX,2013,10,9,2013-10-09
TX,2013,10,11,2013-10-11
TX,2013,10,12,2013-10-12
TX,2013,10,13,2013-10-13
TX,2013,10,15,2013-10-15
TX,2013,11,1,2013-11-01
TX,2013,11,3,2013-11-03
TX,2013,11,5,2013-11-05
TX,2013,11,6,2013-11-06
TX,2013,11,7,2013-11-07
TX,2013,11,9,2013-11-09
TX,2013,11,11,2013-11-11
TX,2013,11,12,2013-11-12
TX,2013,11,13,2013-11-13
TX,2013,11,15,2013-11-15
TX,2013,12,1,2013-12-01
TX,2013,12,3,2013-12-03
TX,2013,12,5,2013-12-05
TX,2013,12,6,2013-12-06
TX,2013,12,7,2013-12-07
TX,2013,12,9,2013-12-09
TX,2013,12,11,2013-12-11
TX,2013,12,12,2013-12-12
TX,2013,12,13,2013-12-13
TX,2013,12,15,2013-12-15
TX,2014,1,1,2014-01-01
TX,2014,1,3,2014-01-03
TX,2014,1,5,2014-01-05
TX,2014,1,6,2014-01-06
TX,2014,1,7,2014-01-07
TX,2014,1,9,2014-01-09
TX,2014,1,11,2014-01-11
TX,2014,1,12,2014-01-12
TX,2014,1,13,2014-01-13
TX,2014,1,15,2014-01-15
TX,2014,2,1,2014-02-01
TX,2014,2,3,2014-02-03
TX,2014,2,5,2014-02-05
TX,2014,2,6,2014-02-06
TX,2014,2,7,2014-02-07
TX,2014,2,9,2014-02-09
TX,2014,2,11,2014-02-11
TX,2014,2,12,2014-02-12
TX,2014,2,13,2014-02-13
TX,2014,2,15,2014-02-15
TX,2014,3,1,2014-03-01
TX,2014,3,3,2014-03-03
TX,2014,3,5,2014-03-05
TX,2014,3,6,2014-03-06
TX,2014,3,7,2014-03-07
TX,2014,3,9,2014-03-09
TX,2014,3,11,2014-03-11
TX,2014,3,12,2014-03-12
TX,2014,3,13,2014-03-13
TX,2014,3,15,2014-03-15
TX,2014,4,1,2014-04-01
TX,2014,4,3,2014-04-03
TX,2014,4,5,2014-04-05
TX,2014,4,6,2014-04-06
TX,2014,4,7,2014-04-07
TX,2014,4,9,2014-04-09
TX,2014,4,11,2014-04-11
TX,2014,4,12,2014-04-12
TX,2014,4,13,2014-04-13
TX,2014,4,15,2014-04-15
TX,2014,5,1,2014-05-01
TX,2014,5,3,2014-05-03
TX,2014,5,5,2014-05-05
TX,2014,5,6,2014-05-06
TX,2014,5,7,2014-05-07
TX,2014,5,9,2014-05-09
TX,2014,5,11,2014-05-11
TX,2014,5,12,2014-05-12
TX,2014,5,13,2014-05-13
TX,2014,5,15,2014-05-15
TX,2014,6,1,2014-06-01
TX,2014,6,3,2014-06-03
TX,2014,6,5,2014-06-05
TX,2014,6,6,2014-06-06
TX,2014,6,7,2014-06-07
TX,2014,6,9,2014-06-09
TX,2014,6,11,2014-06-11
TX,2014,6,12,2014-06-12
TX,2014,6,13,2014-06-13
TX,2014,6,15,2014-06-15
TX,2014,7,1,2014-07-01
TX,2014,7,3,2014-07-03
TX,2014,7,5,2014-07-05
TX,2014,7,6,2014-07-06
TX,2014,7,7,2014-07-07
TX,2014,7,9,2014-07-09
TX,2014,7,11,2014-07-11
TX,2014,7,12,2014-07-12
TX,2014,7,13,2014-07-13
TX,2014,7,15,2014-07-15
TX,2014,8,1,2014-08-01
TX,2014,8,3,2014-08-03
TX,2014,8,5,2014-08-05
TX,2014,8,6,2014-08-06
TX,2014,8,7,2014-08-07
TX,2014,8,9,2014-08-09
TX,2014,8,11,2014-08-11
TX,2014,8,12,2014-08-12
TX,2014,8,13,2014-08-13
TX,2014,8,15,2014-08-15
TX,2014,9,1,2014-09-01
TX,2014,9,3,2014-09-03
TX,2014,9,5,2014-09-05
TX,2014,9,6,2014-09-06
TX,2014,9,7,2014-09-07
TX,2014,9,9,2014-09-09
TX,2014,9,11,2014-09-11
TX,2014,9,12,2014-09-12
TX,2014,9,13,2014-09-13
TX,2014,9,15,2014-09-15
TX,2014,10,1,2014-10-01
TX,2014,10,3,2014-10-03
TX,2014,10,5,2014-10-05
TX,2014,10,6,2014-10-06
TX,2014,10,7,2014-10-07
TX,2014,10,9,2014-10-09
TX,2014,10,11,2014-10-11
TX,2014,10,12,2014-10-12
TX,2014,10,13,2014-10-13
TX,2014,10,15,2014-10-15
TX,2014,11,1,2014-11-01
TX,2014,11,3,2014-11-03
TX,2014,11,5,2014-11-05
TX,2014,11,6,2014-11-06
TX,2014,11,7,2014-11-07
TX,2014,11,9,2014-11-09
TX,2014,11,11,2014-11-11
TX,2014,11,12,2014-11-12
TX,2014,11,13,2014-11-13
TX,2014,11,15,2014-11-15
TX,2014,12,1,2014-12-01
TX,2014,12,3,2014-12-03
TX,2014,12,5,2014-12-05
TX,2014,12,6,2014-12-06
TX,2014,12,7,2014-12-07
TX,2014,12,9,2014-12-09
TX,2014,12,11,2014-12-11
TX,2014,12,12,2014-12-12
TX,2014,12,13,2014-12-13
TX,2014,12,15,2014-12-15
TX,2015,1,1,2015-01-01
TX,2015,1,3,2015-01-03
TX,2015,1,5,2015-01-05
TX,2015,1,6,2015-01-06
TX,2015,1,7,2015-01-07
TX,2015,1,9,2015-01-09
TX,2015,1,11,2015-01-11
TX,2015,1,12,2015-01-12
TX,2015,1,13,2015-01-13
TX,2015,1,15,2015-01-15
TX,2015,2,1,2015-02-01
TX,2015,2,3,2015-02-03
TX,2015,2,5,2015-02-05
TX,2015,2,6,2015-02-06
TX,2015,2,7,2015-02-07
TX,2015,2,9,2015-02-09
TX,2015,2,11,2015-02-11
TX,2015,2,12,2015-02-12
TX,2015,2,13,2015-02-13
TX,2015,2,15,2015-02-15
TX,2015,3,1,2015-03-01
TX,2015,3,3,2015-03-03
TX,2015,3,5,2015-03-05
TX,2015,3,6,2015-03-06
TX,2015,3,7,2015-03-07
TX,2015,3,9,2015-03-09
TX,2015,3,11,2015-03-11
TX,2015,3,12,2015-03-12
TX,2015,3,13,2015-03-13
TX,2015,3,15,2015-03-15
TX,2015,4,1,2015-04-01
TX,2015,4,3,2015-04-03
TX,2015,4,5,2015-04-05
TX,2015,4,6,2015-04-06
TX,2015,4,7,2015-04-07
TX,2015,4,9,2015-04-09
TX,2015,4,11,2015-04-11
TX,2015,4,12,2015-04-12
TX,2015,4,13,2015-04-13
TX,2015,4,15,2015-04-15
TX,2015,5,1,2015-05-01
TX,2015,5,3,2015-05-03
TX,2015,5,5,2015-05-05
TX,2015,5,6,2015-05-06
TX,2015,5,7,2015-05-07
TX,2015,5,9,2015-05-09
TX,2015,5,11,2015-05-11
TX,2015,5,12,2015-05-12
TX,2015,5,13,2015-05-13
TX,2015,5,15,2015-05-15
TX,2015,6,1,2015-06-01
TX,2015,6,3,2015-06-03
TX,2015,6,5,2015-06-05
TX,2015,6,6,2015-06-06
TX,2015,6,7,2015-06-07
TX,2015,6,9,2015-06-09
TX,2015,6,11,2015-06-11
TX,2015,6,12,2015-06-12
TX,2015,6,13,2015-06-13
TX,2015,6,15,2015-06-15
TX,2015,7,1,2015-07-01
TX,2015,7,3,2015-07-03
TX,2015,7,5,2015-07-05
TX,2015,7,6,2015-07-06
TX,2015,7,7,2015-07-07
TX,2015,7,9,2015-07-09
TX,2015,7,11,2015-07-11
TX,2015,7,12,2015-07-12
TX,2015,7,13,2015-07-13
TX,2015,7,15,2015-07-15
TX,2015,8,1,2015-08-01
TX,2015,8,3,2015-08-03
TX,2015,8,5,2015-08-05
TX,2015,8,6,2015-08-06
TX,2015,8,7,2015-08-07
TX,2015,8,9,2015-08-09
TX,2015,8,11,2015-08-11
TX,2015,8,12,2015-08-12
TX,2015,8,13,2015-08-13
TX,2015,8,15,2015-08-15
TX,2015,9,1,2015-09-01
TX,2015,9,3,2015-09-03
TX,2015,9,5,2015-09-05
TX,2015,9,6,2015-09-06
TX,2015,9,7,2015-09-07
TX,2015,9,9,2015-09-09
TX,2015,9,11,2015-09-11
TX,2015,9,12,2015-09-12
TX,2015,9,13,2015-09-13
TX,2015,9,15,2015-09-15
TX,2015,10,1,2015-10-01
TX,2015,10,3,2015-10-03
TX,2015,10,5,2015-10-05
TX,2015,10,6,2015-10-06
TX,2015,10,7,2015-10-07
TX,2015,10,9,2015-10-09
TX,2015,10,11,2015-10-11
TX,2015,10,12,2015-10-12
TX,2015,10,13,2015-10-13
TX,2015,10,15,2015-10-15
TX,2015,11,1,2015-11-01
TX,2015,11,3,2015-11-03
TX,2015,11,5,2015-11-05
TX,2015,11,6,2015-11-06
TX,2015,11,7,2015-11-07
TX,2015,11,9,2015-11-09
TX,2015,11,11,2015-11-11
TX,2015,11,12,2015-11-12
TX,2015,11,13,2015-11-13
TX,2015,11,15,2015-11-15
TX,2015,12,1,2015-12-01
TX,2015,12,3,2015-12-03
TX,2015,12,5,2015-12-05
TX,2015,12,6,2015-12-06
TX,2015,12,7,2015-12-07
TX,2015,12,9,2015-12-09
TX,2015,12,11,2015-12-11
TX,2015,12,12,2015-12-12
TX,2015,12,13,2015-12-13
TX,2015,12,15,2015-12-15
TX,2016,1,1,2016-01-01
TX,2016,1,3,2016-01-03
TX,2016,1,5,2016-01-05
TX,2016,1,6,2016-01-06
TX,2016,1,7,2016-01-07
TX,2016,1,9,2016-01-09
TX,2016,1,11,2016-01-11
TX,2016,1,12,2016-01-12
TX,2016,1,13,2016-01-13
TX,2016,1,15,2016-01-15
TX,2016,2,1,2016-02-01
TX,2016,2,3,2016-02-03
TX,2016,2,5,2016-02-05
TX,2016,2,6,2016-02-06
TX,2016,2,7,2016-02-07
TX,2016,2,9,2016-02-09
TX,2016,2,11,2016-02-11
TX,2016,2,12,2016-02-12
TX,2016,2,13,2016-02-13
TX,2016,2,15,2016-02-15
TX,2016,3,1,2016-03-01
TX,2016,3,3,2016-03-03
TX,2016,3,5,2016-03-05
TX,2016,3,6,2016-03-06
TX,2016,3,7,2016-03-07
TX,2016,3,9,2016-03-09
TX,2016,3,11,2016-03-11
TX,2016,3,12,2016-03-12
TX,2016,3,13,2016-03-13
TX,2016,3,15,2016-03-15
TX,2016,4,1,2016-04-01
TX,2016,4,3,2016-04-03
TX,2016,4,5,2016-04-05
TX,2016,4,6,2016-04-06
TX,2016,4,7,2016-04-07
TX,2016,4,9,2016-04-09
TX,2016,4,11,2016-04-11
TX,2016,4,12,2016-04-12
TX,2016,4,13,2016-04-13
TX,2016,4,15,2016-04-15
TX,2016,5,1,2016-05-01
TX,2016,5,3,2016-05-03
TX,2016,5,5,2016-05-05
TX,2016,5,6,2016-05-06
TX,2016,5,7,2016-05-07
TX,2016,5,9,2016-05-09
TX,2016,5,11,2016-05-11
TX,2016,5,12,2016-05-12
TX,2016,5,13,2016-05-13
TX,2016,5,15,2016-05-15
TX,2016,6,1,2016-06-01
TX,2016,6,3,2016-06-03
TX,2016,6,5,2016-06-05
TX,2016,6,6,2016-06-06
TX,2016,6,7,2016-06-07
TX,2016,6,9,2016-06-09
TX,2016,6,11,2016-06-11
TX,2016,6,12,2016-06-12
TX,2016,6,13,2016-06-13
TX,2016,6,15,2016-06-15
WI,2011,2,2,2011-02-02
WI,2011,2,3,2011-02-03
WI,2011,2,5,2011-02-05
WI,2011,2,6,2011-02-06
WI,2011,2,8,2011-02-08
WI,2011,2,9,2011-02-09
WI,2011,2,11,2011-02-11
WI,2011,2,12,2011-02-12
WI,2011,2,14,2011-02-14
WI,2011,2,15,2011-02-15
WI,2011,3,2,2011-03-02
WI,2011,3,3,2011-03-03
WI,2011,3,5,2011-03-05
WI,2011,3,6,2011-03-06
WI,2011,3,8,2011-03-08
WI,2011,3,9,2011-03-09
WI,2011,3,11,2011-03-11
WI,2011,3,12,2011-03-12
WI,2011,3,14,2011-03-14
WI,2011,3,15,2011-03-15
WI,2011,4,2,2011-04-02
WI,2011,4,3,2011-04-03
WI,2011,4,5,2011-04-05
WI,2011,4,6,2011-04-06
WI,2011,4,8,2011-04-08
WI,2011,4,9,2011-04-09
WI,2011,4,11,2011-04-11
WI,2011,4,12,2011-04-12
WI,2011,4,14,2011-04-14
WI,2011,4,15,2011-04-15
WI,2011,5,2,2011-05-02
WI,2011,5,3,2011-05-03
WI,2011,5,5,2011-05-05
WI,2011,5,6,2011-05-06
WI,2011,5,8,2011-05-08
WI,2011,5,9,2011-05-09
WI,2011,5,11,2011-05-11
WI,2011,5,12,2011-05-12
WI,2011,5,14,2011-05-14
WI,2011,5,15,2011-05-15
WI,2011,6,2,2011-06-02
WI,2011,6,3,2011-06-03
WI,2011,6,5,2011-06-05
WI,2011,6,6,2011-06-06
WI,2011,6,8,2011-06-08
WI,2011,6,9,2011-06-09
WI,2011,6,11,2011-06-11
WI,2011,6,12,2011-06-12
WI,2011,6,14,2011-06-14
WI,2011,6,15,2011-06-15
WI,2011,7,2,2011-07-02
WI,2011,7,3,2011-07-03
WI,2011,7,5,2011-07-05
WI,2011,7,6,2011-07-06
WI,2011,7,8,2011-07-08
WI,2011,7,9,2011-07-09
WI,2011,7,11,2011-07-11
WI,2011,7,12,2011-07-12
WI,2011,7,14,2011-07-14
WI,2011,7,15,2011-07-15
WI,2011,8,2,2011-08-02
WI,2011,8,3,2011-08-03
WI,2011,8,5,2011-08-05
WI,2011,8,6,2011-08-06
WI,2011,8,8,2011-08-08
WI,2011,8,9,2011-08-09
WI,2011,8,11,2011-08-11
WI,2011,8,12,2011-08-12
WI,2011,8,14,2011-08-14
WI,2011,8,15,2011-08-15
WI,2011,9,2,2011-09-02
WI,2011,9,3,2011-09-03
WI,2011,9,5,2011-09-05
WI,2011,9,6,2011-09-06
WI,2011,9,8,2011-09-08
WI,2011,9,9,2011-09-09
WI,2011,9,11,2011-09-11
WI,2011,9,12,2011-09-12
WI,2011,9,14,2011-09-14
WI,2011,9,15,2011-09-15
WI,2011,10,2,2011-10-02
WI,2011,10,3,2011-10-03
WI,2011,10,5,2011-10-05
WI,2011,10,6,2011-10-06
WI,2011,10,8,2011-10-08
WI,2011,10,9,2011-10-09
WI,2011,10,11,2011-10-11
WI,2011,10,12,2011-10-12
WI,2011,10,14,2011-10-14
WI,2011,10,15,2011-10-15
WI,2011,11,2,2011-11-02
WI,2011,11,3,2011-11-03
WI,2011,11,5,2011-11-05
WI,2011,11,6,2011-11-06
WI,2011,11,8,2011-11-08
WI,2011,11,9,2011-11-09
WI,2011,11,11,2011-11-11
WI,2011,11,12,2011-11-12
WI,2011,11,14,2011-11-14
WI,2011,11,15,2011-11-15
WI,2011,12,2,2011-12-02
WI,2011,12,3,2011-12-03
WI,2011,12,5,2011-12-05
WI,2011,12,6,2011-12-06
WI,2011,12,8,2011-12-08
WI,2011,12,9,2011-12-09
WI,2011,12,11,2011-12-11
WI,2011,12,12,2011-12-12
WI,2011,12,14,2011-12-14
WI,2011,12,15,2011-12-15
WI,2012,1,2,2012-01-02
WI,2012,1,3,2012-01-03
WI,2012,1,5,2012-01-05
WI,2012,1,6,2012-01-06
WI,2012,1,8,2012-01-08
WI,2012,1,9,2012-01-09
WI,2012,1,11,2012-01-11
WI,2012,1,12,2012-01-12
WI,2012,1,14,2012-01-14
WI,2012,1,15,2012-01-15
WI,2012,2,2,2012-02-02
WI,2012,2,3,2012-02-03
WI,2012,2,5,2012-02-05
WI,2012,2,6,2012-02-06
WI,2012,2,8,2012-02-08
WI,2012,2,9,2012-02-09
WI,2012,2,11,2012-02-11
WI,2012,2,12,2012-02-12
WI,2012,2,14,2012-02-14
WI,2012,2,15,2012-02-15
WI,2012,3,2,2012-03-02
WI,2012,3,3,2012-03-03
WI,2012,3,5,2012-03-05
WI,2012,3,6,2012-03-06
WI,2012,3,8,2012-03-08
WI,2012,3,9,2012-03-09
WI,2012,3,11,2012-03-11
WI,2012,3,12,2012-03-12
WI,2012,3,14,2012-03-14
WI,2012,3,15,2012-03-15
WI,2012,4,2,2012-04-02
WI,2012,4,3,2012-04-03
WI,2012,4,5,2012-04-05
WI,2012,4,6,2012-04-06
WI,2012,4,8,2012-04-08
WI,2012,4,9,2012-04-09
WI,2012,4,11,2012-04-11
WI,2012,4,12,2012-04-12
WI,2012,4,14,2012-04-14
WI,2012,4,15,2012-04-15
WI,2012,5,2,2012-05-02
WI,2012,5,3,2012-05-03
WI,2012,5,5,2012-05-05
WI,2012,5,6,2012-05-06
WI,2012,5,8,2012-05-08
WI,2012,5,9,2012-05-09
WI,2012,5,11,2012-05-11
WI,2012,5,12,2012-05-12
WI,2012,5,14,2012-05-14
WI,2012,5,15,2012-05-15
WI,2012,6,2,2012-06-02
WI,2012,6,3,2012-06-03
WI,2012,6,5,2012-06-05
WI,2012,6,6,2012-06-06
WI,2012,6,8,2012-06-08
WI,2012,6,9,2012-06-09
WI,2012,6,11,2012-06-11
WI,2012,6,12,2012-06-12
WI,2012,6,14,2012-06-14
WI,2012,6,15,2012-06-15
WI,2012,7,2,2012-07-02
WI,2012,7,3,2012-07-03
WI,2012,7,5,2012-07-05
WI,2012,7,6,2012-07-06
WI,2012,7,8,2012-07-08
WI,2012,7,9,2012-07-09
WI,2012,7,11,2012-07-11
WI,2012,7,12,2012-07-12
WI,2012,7,14,2012-07-14
WI,2012,7,15,2012-07-15
WI,2012,8,2,2012-08-02
WI,2012,8,3,2012-08-03
WI,2012,8,5,2012-08-05
WI,2012,8,6,2012-08-06
WI,2012,8,8,2012-08-08
WI,2012,8,9,2012-08-09
WI,2012,8,11,2012-08-11
WI,2012,8,12,2012-08-12
WI,2012,8,14,2012-08-14
WI,2012,8,15,2012-08-15
WI,2012,9,2,2012-09-02
WI,2012,9,3,2012-09-03
WI,2012,9,5,2012-09-05
WI,2012,9,6,2012-09-06
WI,2012,9,8,2012-09-08
WI,2012,9,9,2012-09-09
WI,2012,9,11,2012-09-11
WI,2012,9,12,2012-09-12
WI,2012,9,14,2012-09-14
WI,2012,9,15,2012-09-15
WI,2012,10,2,2012-10-02
WI,2012,10,3,2012-10-03
WI,2012,10,5,2012-10-05
WI,2012,10,6,2012-10-06
WI,2012,10,8,2012-10-08
WI,2012,10,9,2012-10-09
WI,2012,10,11,2012-10-11
WI,2012,10,12,2012-10-12
WI,2012,10,14,2012-10-14
WI,2012,10,15,2012-10-15
WI,2012,11,2,2012-11-02
WI,2012,11,3,2012-11-03
WI,2012,11,5,2012-11-05
WI,2012,11,6,2012-11-06
WI,2012,11,8,2012-11-08
WI,2012,11,9,2012-11-09
WI,2012,11,11,2012-11-11
WI,2012,11,12,2012-11-12
WI,2012,11,14,2012-11-14
WI,2012,11,15,2012-11-15
WI,2012,12,2,2012-12-02
WI,2012,12,3,2012-12-03
WI,2012,12,5,2012-12-05
WI,2012,12,6,2012-12-06
WI,2012,12,8,2012-12-08
WI,2012,12,9,2012-12-09
WI,2012,12,11,2012-12-11
WI,2012,12,12,2012-12-12
WI,2012,12,14,2012-12-14
WI,2012,12,15,2012-12-15
WI,2013,1,2,2013-01-02
WI,2013,1,3,2013-01-03
WI,2013,1,5,2013-01-05
WI,2013,1,6,2013-01-06
WI,2013,1,8,2013-01-08
WI,2013,1,9,2013-01-09
WI,2013,1,11,2013-01-11
WI,2013,1,12,2013-01-12
WI,2013,1,14,2013-01-14
WI,2013,1,15,2013-01-15
WI,2013,2,2,2013-02-02
WI,2013,2,3,2013-02-03
WI,2013,2,5,2013-02-05
WI,2013,2,6,2013-02-06
WI,2013,2,8,2013-02-08
WI,2013,2,9,2013-02-09
WI,2013,2,11,2013-02-11
WI,2013,2,12,2013-02-12
WI,2013,2,14,2013-02-14
WI,2013,2,15,2013-02-15
WI,2013,3,2,2013-03-02
WI,2013,3,3,2013-03-03
WI,2013,3,5,2013-03-05
WI,2013,3,6,2013-03-06
WI,2013,3,8,2013-03-08
WI,2013,3,9,2013-03-09
WI,2013,3,11,2013-03-11
WI,2013,3,12,2013-03-12
WI,2013,3,14,2013-03-14
WI,2013,3,15,2013-03-15
WI,2013,4,2,2013-04-02
WI,2013,4,3,2013-04-03
WI,2013,4,5,2013-04-05
WI,2013,4,6,2013-04-06
WI,2013,4,8,2013-04-08
WI,2013,4,9,2013-04-09
WI,2013,4,11,2013-04-11
WI,2013,4,12,2013-04-12
WI,2013,4,14,2013-04-14
WI,2013,4,15,2013-04-15
WI,2013,5,2,2013-05-02
WI,2013,5,3,2013-05-03
WI,2013,5,5,2013-05-05
WI,2013,5,6,2013-05-06
WI,2013,5,8,2013-05-08
WI,2013,5,9,2013-05-09
WI,2013,5,11,2013-05-11
WI,2013,5,12,2013-05-12
WI,2013,5,14,2013-05-14
WI,2013,5,15,2013-05-15
WI,2013,6,2,2013-06-02
WI,2013,6,3,2013-06-03
WI,2013,6,5,2013-06-05
WI,2013,6,6,2013-06-06
WI,2013,6,8,2013-06-08
WI,2013,6,9,2013-06-09
WI,2013,6,11,2013-06-11
WI,2013,6,12,2013-06-12
WI,2013,6,14,2013-06-14
WI,2013,6,15,2013-06-15
WI,2013,7,2,2013-07-02
WI,2013,7,3,2013-07-03
WI,2013,7,5,2013-07-05
WI,2013,7,6,2013-07-06
WI,2013,7,8,2013-07-08
WI,2013,7,9,2013-07-09
WI,2013,7,11,2013-07-11
WI,2013,7,12,2013-07-12
WI,2013,7,14,2013-07-14
WI,2013,7,15,2013-07-15
WI,2013,8,2,2013-08-02
WI,2013,8,3,2013-08-03
WI,2013,8,5,2013-08-05
WI,2013,8,6,2013-08-06
WI,2013,8,8,2013-08-08
WI,2013,8,9,2013-08-09
WI,2013,8,11,2013-08-11
WI,2013,8,12,2013-08-12
WI,2013,8,14,2013-08-14
WI,2013,8,15,2013-08-15
WI,2013,9,2,2013-09-02
WI,2013,9,3,2013-09-03
WI,2013,9,5,2013-09-05
WI,2013,9,6,2013-09-06
WI,2013,9,8,2013-09-08
WI,2013,9,9,2013-09-09
WI,2013,9,11,2013-09-11
WI,2013,9,12,2013-09-12
WI,2013,9,14,2013-09-14
WI,2013,9,15,2013-09-15
WI,2013,10,2,2013-10-02
WI,2013,10,3,2013-10-03
WI,2013,10,5,2013-10-05
WI,2013,10,6,2013-10-06
WI,2013,10,8,2013-10-08
WI,2013,10,9,2013-10-09
WI,2013,10,11,2013-10-11
WI,2013,10,12,2013-10-12
WI,2013,10,14,2013-10-14
WI,2013,10,15,2013-10-15
WI,2013,11,2,2013-11-02
WI,2013,11,3,2013-11-03
WI,2013,11,5,2013-11-05
WI,2013,11,6,2013-11-06
WI,2013,11,8,2013-11-08
WI,2013,11,9,2013-11-09
WI,2013,11,11,2013-11-11
WI,2013,11,12,2013-11-12
WI,2013,11,14,2013-11-14
WI,2013,11,15,2013-11-15
WI,2013,12,2,2013-12-02
WI,2013,12,3,2013-12-03
WI,2013,12,5,2013-12-05
WI,2013,12,6,2013-12-06
WI,2013,12,8,2013-12-08
WI,2013,12,9,2013-12-09
WI,2013,12,11,2013-12-11
WI,2013,12,12,2013-12-12
WI,2013,12,14,2013-12-14
WI,2013,12,15,2013-12-15
WI,2014,1,2,2014-01-02
WI,2014,1,3,2014-01-03
WI,2014,1,5,2014-01-05
WI,2014,1,6,2014-01-06
WI,2014,1,8,2014-01-08
WI,2014,1,9,2014-01-09
WI,2014,1,11,2014-01-11
WI,2014,1,12,2014-01-12
WI,2014,1,14,2014-01-14
WI,2014,1,15,2014-01-15
WI,2014,2,2,2014-02-02
WI,2014,2,3,2014-02-03
WI,2014,2,5,2014-02-05
WI,2014,2,6,2014-02-06
WI,2014,2,8,2014-02-08
WI,2014,2,9,2014-02-09
WI,2014,2,11,2014-02-11
WI,2014,2,12,2014-02-12
WI,2014,2,14,2014-02-14
WI,2014,2,15,2014-02-15
WI,2014,3,2,2014-03-02
WI,2014,3,3,2014-03-03
WI,2014,3,5,2014-03-05
WI,2014,3,6,2014-03-06
WI,2014,3,8,2014-03-08
WI,2014,3,9,2014-03-09
WI,2014,3,11,2014-03-11
WI,2014,3,12,2014-03-12
WI,2014,3,14,2014-03-14
WI,2014,3,15,2014-03-15
WI,2014,4,2,2014-04-02
WI,2014,4,3,2014-04-03
WI,2014,4,5,2014-04-05
WI,2014,4,6,2014-04-06
WI,2014,4,8,2014-04-08
WI,2014,4,9,2014-04-09
WI,2014,4,11,2014-04-11
WI,2014,4,12,2014-04-12
WI,2014,4,14,2014-04-14
WI,2014,4,15,2014-04-15
WI,2014,5,2,2014-05-02
WI,2014,5,3,2014-05-03
WI,2014,5,5,2014-05-05
WI,2014,5,6,2014-05-06
WI,2014,5,8,2014-05-08
WI,2014,5,9,2014-05-09
WI,2014,5,11,2014-05-11
WI,2014,5,12,2014-05-12
WI,2014,5,14,2014-05-14
WI,2014,5,15,2014-05-15
WI,2014,6,2,2014-06-02
WI,2014,6,3,2014-06-03
WI,2014,6,5,2014-06-05
WI,2014,6,6,2014-06-06
WI,2014,6,8,2014-06-08
WI,2014,6,9,2014-06-09
WI,2014,6,11,2014-06-11
WI,2014,6,12,2014-06-12
WI,2014,6,14,2014-06-14
WI,2014,6,15,2014-06-15
WI,2014,7,2,2014-07-02
WI,2014,7,3,2014-07-03
WI,2014,7,5,2014-07-05
WI,2014,7,6,2014-07-06
WI,2014,7,8,2014-07-08
WI,2014,7,9,2014-07-09
WI,2014,7,11,2014-07-11
WI,2014,7,12,2014-07-12
WI,2014,7,14,2014-07-14
WI,2014,7,15,2014-07-15
WI,2014,8,2,2014-08-02
WI,2014,8,3,2014-08-03
WI,2014,8,5,2014-08-05
WI,2014,8,6,2014-08-06
WI,2014,8,8,2014-08-08
WI,2014,8,9,2014-08-09
WI,2014,8,11,2014-08-11
WI,2014,8,12,2014-08-12
WI,2014,8,14,2014-08-14
WI,2014,8,15,2014-08-15
WI,2014,9,2,2014-09-02
WI,2014,9,3,2014-09-03
WI,2014,9,5,2014-09-05
WI,2014,9,6,2014-09-06
WI,2014,9,8,2014-09-08
WI,2014,9,9,2014-09-09
WI,2014,9,11,2014-09-11
WI,2014,9,12,2014-09-12
WI,2014,9,14,2014-09-14
WI,2014,9,15,2014-09-15
WI,2014,10,2,2014-10-02
WI,2014,10,3,2014-10-03
WI,2014,10,5,2014-10-05
WI,2014,10,6,2014-10-06
WI,2014,10,8,2014-10-08
WI,2014,10,9,2014-10-09
WI,2014,10,11,2014-10-11
WI,2014,10,12,2014-10-12
WI,2014,10,14,2014-10-14
WI,2014,10,15,2014-10-15
WI,2014,11,2,2014-11-02
WI,2014,11,3,2014-11-03
WI,2014,11,5,2014-11-05
WI,2014,11,6,2014-11-06
WI,2014,11,8,2014-11-08
WI,2014,11,9,2014-11-09
WI,2014,11,11,2014-11-11
WI,2014,11,12,2014-11-12
WI,2014,11,14,2014-11-14
WI,2014,11,15,2014-11-15
WI,2014,12,2,2014-12-02
WI,2014,12,3,2014-12-03
WI,2014,12,5,2014-12-05
WI,2014,12,6,2014-12-06
WI,2014,12,8,2014-12-08
WI,2014,12,9,2014-12-09
WI,2014,12,11,2014-12-11
WI,2014,12,12,2014-12-12
WI,2014,12,14,2014-12-14
WI,2014,12,15,2014-12-15
WI,2015,1,2,2015-01-02
WI,2015,1,3,2015-01-03
WI,2015,1,5,2015-01-05
WI,2015,1,6,2015-01-06
WI,2015,1,8,2015-01-08
WI,2015,1,9,2015-01-09
WI,2015,1,11,2015-01-11
WI,2015,1,12,2015-01-12
WI,2015,1,14,2015-01-14
WI,2015,1,15,2015-01-15
WI,2015,2,2,2015-02-02
WI,2015,2,3,2015-02-03
WI,2015,2,5,2015-02-05
WI,2015,2,6,2015-02-06
WI,2015,2,8,2015-02-08
WI,2015,2,9,2015-02-09
WI,2015,2,11,2015-02-11
WI,2015,2,12,2015-02-12
WI,2015,2,14,2015-02-14
WI,2015,2,15,2015-02-15
WI,2015,3,2,2015-03-02
WI,2015,3,3,2015-03-03
WI,2015,3,5,2015-03-05
WI,2015,3,6,2015-03-06
WI,2015,3,8,2015-03-08
WI,2015,3,9,2015-03-09
WI,2015,3,11,2015-03-11
WI,2015,3,12,2015-03-12
WI,2015,3,14,2015-03-14
WI,2015,3,15,2015-03-15
WI,2015,4,2,2015-04-02
WI,2015,4,3,2015-04-03
WI,2015,4,5,2015-04-05
WI,2015,4,6,2015-04-06
WI,2015,4,8,2015-04-08
WI,2015,4,9,2015-04-09
WI,2015,4,11,2015-04-11
WI,2015,4,12,2015-04-12
WI,2015,4,14,2015-04-14
WI,2015,4,15,2015-04-15
WI,2015,5,2,2015-05-02
WI,2015,5,3,2015-05-03
WI,2015,5,5,2015-05-05
WI,2015,5,6,2015-05-06
WI,2015,5,8,2015-05-08
WI,2015,5,9,2015-05-09
WI,2015,5,11,2015-05-11
WI,2015,5,12,2015-05-12
WI,2015,5,14,2015-05-14
WI,2015,5,15,2015-05-15
WI,2015,6,2,2015-06-02
WI,2015,6,3,2015-06-03
WI,2015,6,5,2015-06-05
WI,2015,6,6,2015-06-06
WI,2015,6,8,2015-06-08
WI,2015,6,9,2015-06-09
WI,2015,6,11,2015-06-11
WI,2015,6,12,2015-06-12
WI,2015,6,14,2015-06-14
WI,2015,6,15,2015-06-15
WI,2015,7,2,2015-07-02
WI,2015,7,3,2015-07-03
WI,2015,7,5,2015-07-05
WI,2015,7,6,2015-07-06
WI,2015,7,8,2015-07-08
WI,2015,7,9,2015-07-09
WI,2015,7,11,2015-07-11
WI,2015,7,12,2015-07-12
WI,2015,7,14,2015-07-14
WI,2015,7,15,2015-07-15
WI,2015,8,2,2015-08-02
WI,2015,8,3,2015-08-03
WI,2015,8,5,2015-08-05
WI,2015,8,6,2015-08-06
WI,2015,8,8,2015-08-08
WI,2015,8,9,2015-08-09
WI,2015,8,11,2015-08-11
WI,2015,8,12,2015-08-12
WI,2015,8,14,2015-08-14
WI,2015,8,15,2015-08-15
WI,2015,9,2,2015-09-02
WI,2015,9,3,2015-09-03
WI,2015,9,5,2015-09-05
WI,2015,9,6,2015-09-06
WI,2015,9,8,2015-09-08
WI,2015,9,9,2015-09-09
WI,2015,9,11,2015-09-11
WI,2015,9,12,2015-09-12
WI,2015,9,14,2015-09-14
WI,2015,9,15,2015-09-15
WI,2015,10,2,2015-10-02
WI,2015,10,3,2015-10-03
WI,2015,10,5,2015-10-05
WI,2015,10,6,2015-10-06
WI,2015,10,8,2015-10-08
WI,2015,10,9,2015-10-09
WI,2015,10,11,2015-10-11
WI,2015,10,12,2015-10-12
WI,2015,10,14,2015-10-14
WI,2015,10,15,2015-10-15
WI,2015,11,2,2015-11-02
WI,2015,11,3,2015-11-03
WI,2015,11,5,2015-11-05
WI,2015,11,6,2015-11-06
WI,2015,11,8,2015-11-08
WI,2015,11,9,2015-11-09
WI,2015,11,11,2015-11-11
WI,2015,11,12,2015-11-12
WI,2015,11,14,2015-11-14
WI,2015,11,15,2015-11-15
WI,2015,12,2,2015-12-02
WI,2015,12,3,2015-12-03
WI,2015,12,5,2015-12-05
WI,2015,12,6,2015-12-06
WI,2015,12,8,2015-12-08
WI,2015,12,9,2015-12-09
WI,2015,12,11,2015-12-11
WI,2015,12,12,2015-12-12
WI,2015,12,14,2015-12-14
WI,2015,12,15,2015-12-15
WI,2016,1,2,2016-01-02
WI,2016,1,3,2016-01-03
WI,2016,1,5,2016-01-05
WI,2016,1,6,2016-01-06
WI,2016,1,8,2016-01-08
WI,2016,1,9,2016-01-09
WI,2016,1,11,2016-01-11
WI,2016,1,12,2016-01-12
WI,2016,1,14,2016-01-14
WI,2016,1,15,2016-01-15
WI,2016,2,2,2016-02-02
WI,2016,2,3,2016-02-03
WI,2016,2,5,2016-02-05
WI,2016,2,6,2016-02-06
WI,2016,2,8,2016-02-08
WI,2016,2,9,2016-02-09
WI,2016,2,11,2016-02-11
WI,2016,2,12,2016-02-12
WI,2016,2,14,2016-02-14
WI,2016,2,15,2016-02-15
WI,2016,3,2,2016-03-02
WI,2016,3,3,2016-03-03
WI,2016,3,5,2016-03-05
WI,2016,3,6,2016-03-06
WI,2016,3,8,2016-03-08
WI,2016,3,9,2016-03-09
WI,2016,3,11,2016-03-11
WI,2016,3,12,2016-03-12
WI,2016,3,14,2016-03-14
WI,2016,3,15,2016-03-15
WI,2016,4,2,2016-04-02
WI,2016,4,3,2016-04-03
WI,2016,4,5,2016-04-05
WI,2016,4,6,2016-04-06
WI,2016,4,8,2016-04-08
WI,2016,4,9,2016-04-09
WI,2016,4,11,2016-04-11
WI,2016,4,12,2016-04-12
WI,2016,4,14,2016-04-14
WI,2016,4,15,2016-04-15
WI,2016,5,2,2016-05-02
WI,2016,5,3,2016-05-03
WI,2016,5,5,2016-05-05
WI,2016,5,6,2016-05-06
WI,2016,5,8,2016-05-08
WI,2016,5,9,2016-05-09
WI,2016,5,11,2016-05-11
WI,2016,5,12,2016-05-12
WI,2016,5,14,2016-05-14
WI,2016,5,15,2016-05-15
WI,2016,6,2,2016-06-02
WI,2016,6,3,2016-06-03
WI,2016,6,5,2016-06-05
WI,2016,6,6,2016-06-06
WI,2016,6,8,2016-06-08
WI,2016,6,9,2016-06-09
WI,2016,6,11,2016-06-11
WI,2016,6,12,2016-06-12
WI,2016,6,14,2016-06-14
WI,2016,6,15,2016-06-15
